x,y
570516.7800,7035427.6100
570516.5700,7035427.1100
570516.2700,7035426.4400
570515.9900,7035425.8000
570515.7000,7035425.1000
570515.3100,7035424.2000
570515.0900,7035423.6900
570514.6700,7035422.6700
570514.4200,7035422.0700
570514.1000,7035421.3300
570513.8700,7035420.7800
570513.6200,7035420.2000
570513.2900,7035419.3600
570513.0300,7035418.7400
570512.6500,7035417.8300
570512.3100,7035417.0200
570512.0100,7035416.2500
570511.6700,7035415.4200
570511.3100,7035414.5600
570510.9500,7035413.6800
570510.5900,7035412.8100
570510.2300,7035411.8400
570509.8500,7035410.9200
570509.4700,7035409.9900
570509.0900,7035409.0600
570508.7200,7035408.1400
570508.3100,7035407.0900
570507.9300,7035406.1600
570507.5400,7035405.2100
570507.1500,7035404.2700
570506.7700,7035403.3300
570506.3800,7035402.3100
570506.0000,7035401.3700
570505.6200,7035400.4200
570505.2500,7035399.4800
570504.8700,7035398.5400
570504.5000,7035397.5800
570504.1200,7035396.6200
570503.7400,7035395.6700
570503.3000,7035394.5500
570502.9200,7035393.6000
570502.5500,7035392.5900
570502.1700,7035391.6100
570501.8500,7035390.8100
570501.3900,7035389.6600
570501.0100,7035388.6900
570500.6300,7035387.7200
570500.2400,7035386.7500
570499.8500,7035385.7700
570499.4600,7035384.8100
570499.0700,7035383.8400
570498.6900,7035382.8800
570498.3000,7035381.9200
570497.9100,7035380.9600
570497.5200,7035380.0000
570497.1400,7035379.0500
570496.6700,7035377.8800
570496.2800,7035376.9100
570495.9600,7035376.1000
570495.4900,7035374.9700
570495.1000,7035373.9800
570494.7100,7035373.0100
570494.3200,7035372.0400
570493.9300,7035371.1000
570493.5500,7035370.1500
570493.1700,7035369.2100
570492.7500,7035368.1900
570492.3500,7035367.2200
570491.9500,7035366.2400
570491.4900,7035365.0900
570491.1600,7035364.2800
570490.7200,7035363.1900
570490.3300,7035362.2500
570489.9500,7035361.3000
570489.5600,7035360.3600
570489.1700,7035359.4200
570488.7900,7035358.4800
570488.4100,7035357.5300
570488.0200,7035356.5900
570487.6400,7035355.6400
570487.2500,7035354.7000
570486.8700,7035353.7700
570486.4900,7035352.8300
570486.1100,7035351.9100
570485.6700,7035350.8400
570485.3600,7035350.0800
570484.9200,7035349.0300
570484.5500,7035348.1200
570484.1900,7035347.2200
570483.8300,7035346.3200
570483.4800,7035345.4100
570483.1200,7035344.4400
570482.7800,7035343.5200
570482.4700,7035342.5800
570482.1700,7035341.6300
570481.8900,7035340.6700
570481.6700,7035339.8500
570481.4500,7035338.9200
570481.2700,7035337.9800
570481.1200,7035337.0300
570480.9900,7035336.0800
570480.8600,7035335.0200
570480.8000,7035334.0700
570480.7700,7035333.1300
570480.7800,7035332.1900
570480.8100,7035331.2500
570480.8700,7035330.2600
570480.9700,7035329.3300
570481.1000,7035328.4100
570481.2700,7035327.4800
570481.4700,7035326.5700
570481.6900,7035325.6700
570481.9500,7035324.7800
570482.2400,7035323.9100
570482.5700,7035323.0400
570482.9800,7035322.0600
570483.3800,7035321.2100
570483.7900,7035320.4100
570484.2300,7035319.6000
570484.7000,7035318.8300
570485.1900,7035318.0700
570485.7600,7035317.2400
570486.3100,7035316.5100
570486.8800,7035315.8000
570487.4800,7035315.1300
570488.0900,7035314.4700
570488.7400,7035313.8100
570489.4000,7035313.2000
570490.0700,7035312.6300
570490.8700,7035311.9900
570491.4500,7035311.5500
570492.3500,7035310.9200
570493.0800,7035310.4200
570493.7000,7035310.0400
570494.5700,7035309.5100
570495.3300,7035309.0800
570496.2400,7035308.5700
570497.0600,7035308.1200
570497.9100,7035307.6800
570498.7600,7035307.2400
570499.6300,7035306.8000
570500.4600,7035306.4400
570501.3200,7035306.0200
570502.1900,7035305.6100
570503.2100,7035305.1200
570503.9400,7035304.7800
570504.9900,7035304.3300
570505.8800,7035303.9200
570506.6200,7035303.5800
570507.6700,7035303.1000
570508.5800,7035302.6900
570509.4500,7035302.3000
570510.3600,7035301.8900
570511.2500,7035301.5000
570512.1500,7035301.0900
570513.0400,7035300.7000
570514.0600,7035300.2600
570514.9700,7035299.8600
570515.8800,7035299.4600
570516.8100,7035299.0500
570517.8800,7035298.5900
570518.7800,7035298.2200
570519.6800,7035297.8300
570520.4400,7035297.5000
570521.3500,7035297.1000
570522.3900,7035296.6600
570523.3600,7035296.2500
570524.2600,7035295.8500
570525.1600,7035295.4700
570526.0500,7035295.0900
570526.9500,7035294.7000
570527.8200,7035294.3300
570528.7000,7035293.9500
570529.5700,7035293.5600
570530.4500,7035293.1900
570531.3100,7035292.8100
570532.3200,7035292.3800
570533.1600,7035292.0000
570533.8600,7035291.7000
570534.8500,7035291.2600
570535.7000,7035290.8900
570536.4200,7035290.5800
570537.3800,7035290.1600
570538.1900,7035289.8000
570538.9900,7035289.4400
570539.7800,7035289.0800
570540.6100,7035288.7400
570541.3800,7035288.4000
570542.1600,7035288.0600
570542.9200,7035287.7200
570543.6900,7035287.3900
570544.4600,7035287.0800
570545.3400,7035286.7400
570546.0700,7035286.4800
570546.7800,7035286.2600
570547.5100,7035286.0800
570548.1600,7035285.9300
570549.0000,7035285.8100
570549.7200,7035285.7600
570550.4400,7035285.7600
570551.1600,7035285.8300
570551.9600,7035285.8900
570552.7100,7035286.0600
570553.4500,7035286.2900
570554.1800,7035286.5800
570554.8900,7035286.9200
570555.6100,7035287.2900
570556.2800,7035287.7600
570556.9200,7035288.2700
570557.5300,7035288.8300
570558.1900,7035289.5600
570558.7000,7035290.1300
570559.2800,7035290.9900
570559.7300,7035291.7800
570560.1300,7035292.6000
570560.5000,7035293.4400
570560.8300,7035294.1900
570561.2200,7035295.2300
570561.5400,7035296.1500
570561.8500,7035297.0600
570562.1400,7035297.9900
570562.3900,7035298.9600
570562.6700,7035299.9000
570562.9600,7035300.8300
570563.2900,7035301.9300
570563.5700,7035302.9000
570563.7400,7035303.6700
570564.0600,7035304.7900
570564.3300,7035305.7400
570564.6100,7035306.7300
570564.9000,7035307.7400
570565.1300,7035308.6500
570565.4100,7035309.6200
570565.7000,7035310.6000
570565.9900,7035311.5800
570566.2700,7035312.5600
570566.5500,7035313.6600
570566.8600,7035314.6800
570567.1700,7035315.6900
570567.4800,7035316.7100
570567.7900,7035317.7200
570568.1100,7035318.9400
570568.4400,7035319.9600
570568.7600,7035321.0000
570569.0900,7035322.0300
570569.4200,7035323.0800
570569.7200,7035324.1300
570570.0600,7035325.1800
570570.4000,7035326.2300
570570.7400,7035327.3000
570571.0800,7035328.3600
570571.3700,7035329.3900
570571.7100,7035330.4600
570572.0400,7035331.5200
570572.3800,7035332.5800
570572.7800,7035333.8200
570573.0900,7035334.8700
570573.4300,7035335.9400
570573.7700,7035336.9900
570574.1100,7035338.0400
570574.4400,7035339.0800
570574.7700,7035340.1500
570575.1100,7035341.1900
570575.4500,7035342.2400
570575.8000,7035343.2700
570576.1400,7035344.2900
570576.4500,7035345.2700
570576.8000,7035346.2800
570577.1600,7035347.2800
570577.5100,7035348.2800
570577.9200,7035349.4500
570578.2500,7035350.4000
570578.5500,7035351.2100
570578.9600,7035352.3400
570579.3200,7035353.3000
570579.6800,7035354.2700
570580.0000,7035355.2000
570580.3600,7035356.1400
570580.7100,7035357.0900
570581.0600,7035358.0300
570581.4200,7035358.9600
570581.7700,7035359.9400
570582.1300,7035360.8900
570582.5600,7035361.9900
570582.9300,7035362.9300
570583.3000,7035363.8900
570583.6600,7035364.8000
570584.0400,7035365.7400
570584.4200,7035366.6900
570584.8000,7035367.6100
570585.1800,7035368.5400
570585.5800,7035369.5100
570585.9700,7035370.4700
570586.3700,7035371.4100
570586.7800,7035372.3700
570587.1800,7035373.3400
570587.5700,7035374.2600
570587.9800,7035375.2100
570588.3800,7035376.1700
570588.7900,7035377.1400
570589.2700,7035378.2600
570589.7000,7035379.2800
570590.1200,7035380.2500
570590.5300,7035381.2300
570590.9500,7035382.2100
570591.3500,7035383.1900
570591.7500,7035384.0900
570592.1500,7035385.0500
570592.5400,7035385.9900
570592.9400,7035386.9300
570593.3300,7035387.8700
570593.7400,7035388.7900
570594.1200,7035389.7200
570594.5100,7035390.6400
570594.8900,7035391.5500
570595.2600,7035392.4500
570595.6400,7035393.3800
570596.0700,7035394.4200
570596.4400,7035395.3100
570596.8100,7035396.2000
570597.1800,7035397.0700
570597.5700,7035398.0100
570597.9400,7035398.8900
570598.3000,7035399.7600
570598.6600,7035400.6200
570599.0800,7035401.6100
570599.4500,7035402.4700
570599.7300,7035403.1700
570600.0800,7035404.0100
570600.4500,7035405.0000
570600.7600,7035405.8600
570601.0300,7035406.6100
570601.3200,7035407.6300
570601.5400,7035408.5300
570601.7000,7035409.4200
570601.8300,7035410.3300
570601.9600,7035411.3100
570601.9700,7035412.2300
570601.9200,7035413.1300
570601.8200,7035414.0400
570601.6300,7035415.0700
570601.5000,7035415.8600
570601.2300,7035416.7200
570600.8500,7035417.7100
570600.5300,7035418.3900
570600.0000,7035419.3400
570599.4600,7035420.2600
570598.8700,7035421.0400
570598.2300,7035421.8000
570597.5300,7035422.5200
570596.7700,7035423.2100
570595.9700,7035423.9200
570595.1500,7035424.5400
570594.2900,7035425.1300
570593.4100,7035425.7000
570592.4900,7035426.2500
570591.3000,7035426.8500
570590.4900,7035427.2700
570589.5200,7035427.7600
570588.5400,7035428.2300
570587.3900,7035428.7600
570586.4400,7035429.1400
570585.4100,7035429.5800
570584.2000,7035430.0900
570583.3400,7035430.4600
570582.1200,7035430.9800
570581.0900,7035431.3300
570580.0400,7035431.7600
570578.9800,7035432.2000
570577.9100,7035432.6500
570576.6700,7035433.1700
570575.8300,7035433.4800
570574.7700,7035433.9300
570573.5300,7035434.4500
570572.6400,7035434.8200
570571.5800,7035435.2700
570570.4800,7035435.7100
570569.2400,7035436.2400
570568.1800,7035436.6800
570567.1200,7035437.1400
570566.0600,7035437.5900
570564.9900,7035438.0300
570563.9300,7035438.4800
570562.8700,7035438.9400
570561.8100,7035439.4000
570560.5800,7035439.9300
570559.5600,7035440.3400
570558.7100,7035440.7100
570557.5200,7035441.2300
570556.5100,7035441.6700
570555.6600,7035442.0400
570554.4700,7035442.5300
570553.4600,7035442.9700
570552.4700,7035443.4000
570551.4700,7035443.8500
570550.4700,7035444.2800
570549.5000,7035444.7200
570548.5200,7035445.1500
570547.5700,7035445.5800
570546.6300,7035445.9900
570545.5500,7035446.4600
570544.5900,7035446.7900
570543.8200,7035447.0900
570542.7500,7035447.4500
570541.8300,7035447.7200
570541.0700,7035447.9100
570539.9900,7035448.1600
570539.0800,7035448.2800
570538.1800,7035448.3500
570537.4300,7035448.3600
570536.3900,7035448.3100
570535.4000,7035448.2500
570534.5200,7035448.0900
570533.6700,7035447.8700
570532.7000,7035447.5400
570531.8900,7035447.2000
570530.9100,7035446.8000
570530.2500,7035446.4400
570529.3400,7035445.8800
570528.5900,7035445.3500
570527.8700,7035444.7900
570527.1400,7035444.1800
570526.4700,7035443.5400
570525.8300,7035442.8700
570525.2300,7035442.1700
570524.6600,7035441.4500
570524.0300,7035440.6100
570523.5100,7035439.8300
570523.0200,7035439.0300
570522.5700,7035438.2300
570522.0700,7035437.3000
570521.6700,7035436.4900
570521.3600,7035435.8600
570520.9600,7035435.0400
570520.6500,7035434.4100
570520.3800,7035433.8600
570520.1400,7035433.2600
570519.7800,7035432.5200
570519.5600,7035432.0600
570519.3500,7035431.5700
